no,Tgl_Iklan,url,harga_juta,Kota,LT,LB,KT,KM,KTP,KMP,carport,garasi,listrik,surat,judul,deskripsi
1,05/04/21,https://www.rumah123.com/properti/makassar/hos8127053/,1000,Makassar,128,49,2,2,0,0,0,0,2200,SHM,Rumah Murah Tengah Kota Dekat Pettarani,"dijual rumah makassar harga murah dalam kota. dekat jalan, jln. pettarani, dekat UMI, dekat RS Ibnu Sina, jln sudirman, jl. ratulangi, jalan kumala, jln veteran selatan, jl monginsidi, jln latimojong, jalan rappocini, jalan rusa, jln bulukunyi, jl lanto dg. pasewang, jln anuang, jl. andi djemma eks landak baru, dekat metropolitan residence, dekat perumahan grand city, dekat mal ratu indah, tidak jauh dari mall panakukkang, dekat living plaza, dekat lapangan karebosi, dekat monumen mandala, dekat rumah ibadah, masjid nurut taibyn, masjid as - shalihin, masjid nurul kautsar, masjid muallim, balai pengajian baitul ikhlas, gereja katolik santo josef pekerja gotong, gereja petra, gereja filadelfia, vihara girinaga, dekat sekolah tk sd smp sma, smp negeri 24, sma negeri 3, sma negeri 8, sma negeri 11, smk negeri 1, sekolah kristen pelita kasih, tpa nurul kautsar, dekat kampus stiem bongaya, dekat pasca sarjana stiem bongaya, dekat stt intim makassar, dekat kampus uin universitas islam negeri alauddin"
2,05/04/21,https://www.rumah123.com/properti/makassar/hos8125673/,1550,Makassar,160,256,2,1,1,1,1,0,2200,HGB,Rumah Asri Citraland Red Burgundy,Rumah Dijualsewa Makassar Dalam Cluster
3,05/04/21,https://www.rumah123.com/properti/makassar/hos8125641/,80000,Makassar,1400,555,5,4,2,1,1,0,16500,SHM,Rumah Lokasi Strategis Pinggir Jalan Raya dan Bisa dijadikan Kantor @Makassar,"Rumah 2 lantai dengan Spesifikasi, sebagai berikut : Kamar Tidur : 5+2, Kamar Mandi : 4+1, Listrik 16500 watt, LT : 1400, LB : 555, Surat : SHM, nego"
4,05/04/21,https://www.rumah123.com/properti/makassar/hos8124866/,3700,Makassar,175,350,3,2,1,0,1,1,3500,SHM,Rumah Cantik,"Rumah Dijual Makassar Rumah Tengah Kota, 100 meter Ke Gereja Gotong2, 200 meter ke RS Pelamonia, 500 meter ke ke Mall Mari"
5,05/04/21,https://www.rumah123.com/properti/makassar/hos8122409/,1200,Makassar,105,70,3,1,0,0,0,0,2200,SHM,Rumah Cantik Asri Tanjung Bunga Makassar,One Gate System Aman dan Nyaman Lingkungan Bagus untuk Anak bebas Banjir 
6,03/04/21,https://www.rumah123.com/properti/makassar/hos8092274/,2900,Makassar,450,290,3,2,0,0,0,0,900,SHM,"rumah luas, siap huni, pekarangan asri",Rumah Dijual Makassar rumah tinggal asri pekarangan luas siap huni 
7,02/04/21,https://www.rumah123.com/properti/makassar/hos8114067/,900,Makassar,84,84,2,2,0,0,0,1,1300,SHM,Rumah Mewah Siap Huni Strategis Makassar Sulawesi Selatan,"Jual cepat Rumah Mewah Siap Huni Strategis Makassar Sulawesi Selatan.Rumah 2 lantai tidak termasuk perabot dengan harga 900.000.000. Sertfikat : SHM
Alamat : Jl. Pongtiku lr4A Kecamatan Tallo Kalukuang Makassar
Kondisi : Baru (dibangun th 2018)
Fasilitas : T4 Jemuran, tandon air,
No Hp wa: 082388880382"
8,01/04/21,https://www.rumah123.com/properti/makassar/hos8111721/,850,Makassar,95,80,3,2,0,0,1,0,2200,SHM,rumah mewah minimalis TYPE 80 Hertasning rapocini kota Makassar,"Rumah minimalis Harga Murah Citra Hertasning Makassar Di Lokasi yang Mudah Dijangkau
#Hanya 3 unit Rumah 2 lantai dengan TYPE 80/( 6,5x14,5), Inden 12 bulan
#kelebihan yang ditawarkan : Desain elegant & modern, Spesifikasi bangunan kelas 1, Struktur bangunan mengusung konsep rumah tumbuh (3 lantai ), Lokasi hanya 100 mter dari poros heetasning, Lingkungan aman & nyaman, Dekat dari pusat kuliner, Mall, Swalayan, dan juga dekat Sarana Pendidikan
Info lengkap hub: ARDi Gold99 property (Bisa TLP/wa no profil)"
9,01/04/21,https://www.rumah123.com/properti/makassar/hos8109466/,4850,Makassar,300,400,3,2,3,1,0,0,4400,SHM,Rumah Asri,Rumah Dijual Makassar Dekat Mall Panakukang
10,01/04/21,https://www.rumah123.com/properti/makassar/hos8109206/,1950,Makassar,112,160,4,3,0,0,1,0,0,none,Rumah di Makassar Ready Summarecon Makassar 2 lantai 4 kamar,"Rumah di Makassar Ready Summarecon Makassar 2 lantai 4 kamar LT. 8x14 Type 160
Fasilitas : kolam renang cluster, Lap. Basket, Taman Bermain, Sekolah AL Azhar"
11,01/04/21,https://www.rumah123.com/properti/makassar/hos8109103/,1500,Makassar,135,108,3,2,0,0,1,1,1300,SHM,Rumah Lili,"Rumah Dijual Makassar Perumahan Lili, Dekat Mall Panakukang"
12,30/03/21,https://www.rumah123.com/properti/makassar/hos8100785/,350,Makassar,72,36,2,1,0,0,1,0,1300,SHM,RUMAH MURAH DI DAYA PROMO DP 10%,"Rumah cantik lokasi daya biring kanaya
Type 36 luas tanah 6x12
Dekat Kantor Imigrasi,dekat Pasar Modern Daya,Dekat Kampus Ukip,Unhas dan Dipa Makassar

Unit Terbatas Promo Dp 10% dari harga 35jt
Info Pemesanan segera hubungi kami

Yuni 46 Property"
13,29/03/21,https://www.rumah123.com/properti/makassar/hos2361629/,8100,Makassar,200,200,4,3,1,1,0,0,5500,SHM,Rumah badan lebar 10 kawasan pantai ,"Rumah badan 10x20 dan bangunan 2Lt. Masih lebih tanah belakang untuk taman. Di Kawasan mall termewah Makassar, pantai Tanjung Bunga, Trans Studio Mall Makassar"
14,28/03/21,https://www.rumah123.com/properti/makassar/hos8089314/,1038,Makassar,84,73,2,2,0,0,0,0,2200,SHM,Rumah Mewah Lokasi Premium Kota Makassar ,"*Cluster Green Crystal summarecon Mutiara Makassar* *Lok. Exit Tol Ir. soetami KM 8* UNIT A Ukuran 614 UNIT B Ukuran 814 Unit C(Hook) Ukuran 814 Dilengkapi Dengan: Jaringan Internet Cepat Fiber to the Home Akses Tol Langsung Ir Sutami Club house yang dilengkapi dengan Muliti Function Hall, Swimming Pool dan Children Playground Utilitas Bawah Tanah Town Management Professional , CCTV dan Security 24 Jam *Dilengkapi Juga Dengan Smart Home System* "
15,25/03/21,https://www.rumah123.com/properti/makassar/hos8080182/,875,Makassar,67,80,4,2,0,0,0,0,2200,SHM,rumah mewah minimalis TYPE 80 4 kamar dalam kota Makassar ,Launch Veteran Selatan Hanya 10 Unit # Type 80/67 # 4 Kamar tidur 2 kamar mandi  # Hanya 875 jt Khusus Pembelian cash Bonus : #Kanopi #kitchen set #Tandon Air #Ac 4 Unit(Daikin) #Tv Kabinet #Kompor Tanam + cooker hood #Dinding Hvl #Sofa #Lemari Tiap Kamar NB : Bonus Senilai 100 jt Indent 12 bulan Selain pembelian cash tdk mendapatkan seperti bonus di atas info lengkap hub ARDi property99 Bisa TLP/wa No profil 
16,25/03/21,https://www.rumah123.com/properti/makassar/hos8077134/,1045,Makassar,84,92,3,2,0,0,0,0,2200,SHM,GREEN CRISTAL &#;Summarecon Mutiara Makassar&#34;,"GRAND LOUNCING : ""Green Cristal"" Setelah sukses dengan penjualan BLUE CRISTAL yang sukses dengan angka penjualan 100% di setiap tahap penjualannya, dan kini hadir dengan konsep lebih Baik lagi dengan di lengkapi SMART HOME yg menunjang Sebagai Rumah Pintar. SELLING POINTNYA Nilai Kenaikan 15% dalam setahun, Lingkungan Hjau, Kawasan CBD, Dan masih banyak lagi "
17,25/03/21,https://www.rumah123.com/properti/makassar/hos8076059/,1200,Makassar,105,210,4,2,0,0,0,0,1300,SHM,"rumah sudut, siap huni, cocok usaha, cafe, 2 lantai",Rumah Dijual Makassar rumah 2 lantai kamar 4 kamar mandi 2 7m x 15m full bangunan
18,25/03/21,https://www.rumah123.com/properti/makassar/hos8075963/,1160,Makassar,87,103,4,2,1,1,0,0,0,SHM,Rumah Mewah Strategis Lokasi Premium,"*Rumah 2 Lantai Cluster Beryl Summarecon Mutiara Makassar* Type Beryl 7 Ukuran 7x12.5 Harga 1,1 M Dimana Tiap Cluster Di Lengkapi Dengan : Jaringan Internet Cepat Fiber to the Home, Akses Tol Langsung Ir Sutami, Club house yang dilengkapi dengan Multi function Hall, Swimming Pool dan Children Playground, Utilitas Bawah Tanah , Town Management Professional, CCTV dan security 24 Jam"
19,25/03/21,https://www.rumah123.com/properti/makassar/hos8075891/,2000,Makassar,144,162,3,3,1,1,0,0,3300,none,Rumah Cantik Lokasi Premium Kota Makassar ,"Hunian 2 Lantai Konsep Classic Timeless Lokasi Premium Summarecon Mutiara Makassar. Lok. Exit Tol Ir. Soetami KM 8 Cluster Neo Jade Type Jade 8 (1 Unit) Luas Tanah 818 Harga 2M Dapatkan Logam Mulia 25 Gram dan Dapatkan Juga Lucky Draw Hadiah Menarik *dilengkapi Dengan Fasilitas Tiap Cluster:* Jaringan Fiber To The Home & Utilitas Bawah Tanah, One Gate System dan Face Recognition, Club House yg di Lengkapi Swimming Pool dan Children Playground Town Management Profesional + CCTV 24 Jam *Unit Terbatas*"
20,24/03/21,https://www.rumah123.com/properti/makassar/hos8075661/,340,Makassar,84,50,2,1,0,0,0,0,1300,SHM,"Spesial Promo Khusus Untuk PNS, POLRI dan BUMN","GEBYAR PROMO PENGHABISAN SPESIAL PENAWARAN KHUSUS PNS, POLRI, BUMN dan Pegawai Perusaan Status Tetap#  Spesial DP Hanya 4 Jt Dengan Syarat Belum Memiliki Angsuran Kredit Berjalan di Bank INFO DETAIL TLP/WA 085-340-522-007 Bit.ly/37CUMTN (SELAMA KOUTA UNIT TERSEDIA) *(////) ====================================== 10% 4! 24 =====================================  ir (. )  * ====================================== Telp/WA 085-340-522-007 Griya Kenari Moncongloe Makassar #Type 4/78# (SISA 4 Unit) #Type 50/84# (SISA 4 Unit) (2 Kamar Tidur + 1 Kamar Mandi) Harga : Rp. 351.500.000 jt Lokasi Super Strategis +Pinggir Jalan Poros Trans Mongcongloe +Dekat Dengan SD, SMP dan SMA +Akses Dekat Dari Kota Rs Wahidin, Rs Daya, POLDA dan Bandara Hasanuddin +Berdampingan Dengan Kantor Camat +Berdampingan Dengan Pesantren IMMIM Putra + Pengembangan Kota Mandiri Ring Road Mamminasata +Area BTP, Perintis Kemerdekaaan dan D"
21,24/03/21,https://www.rumah123.com/properti/makassar/hos8073113/,2900,Makassar,202,200,4,4,0,0,0,0,2200,SHM,"rumah mewah, kantor, hunian, poros jalan, depan indomaret","Rumah Dijualsewa Makassar rumah mewah,2 lantai ,4 kamar tidur luas,4 kamar mandi,posisi sudut, berhadapan indomaret,4 unit AC"
22,24/03/21,https://www.rumah123.com/properti/makassar/hos8072877/,5500,Makassar,495,200,4,3,1,1,0,0,2200,SHM,Rumah Tengah Kota Untuk Tempat Tinggal,"Rumah Dijualsewa Makassar, k.tidur 4+1,k. mandi 3+1"
23,24/03/21,https://www.rumah123.com/properti/makassar/hos8072526/,1650,Makassar,108,117,4,4,0,0,1,0,2200,SHM,Rumah dekat Mall,"Rumah Dijual Makassar Rumah hanya 5 menit ke Mall Panakukang,Rumah 1 1/2 lantai,Rumah sudah renovasi"
24,24/03/21,https://www.rumah123.com/properti/makassar/hos8072462/,1700,Makassar,228,79,4,3,0,0,1,0,900,SHM,"siap huni, pekarangan luas, pusat kota, dekat panakukang","Rumah Dijual Makassar rumah tinggal dengan pekarangan dan garasi yang luas,4 kamar tidur,3 kamar mandi,siap huni, lengkap pompa air, ac 1 unit, tandon air, kitchen set, kompor tanam Modena, jaringan wifi Indihome"
25,23/03/21,https://www.rumah123.com/properti/makassar/hos8070053/,3880,Makassar,200,204,3,3,1,1,1,1,3500,HGB,Rumah Mewah 2 Lantai Di Kawasan Citraland Celebes Hertasning Makassar,"Type Blizz,Rumah Mewah Citraland Celebes Hertasning Makassar,Hanya 1 Unit,Type Bliss (10x20),LT 200 . LB 204 ,KT 3+1 . KM 3+1 .,Dilengkapi Kolam renang pribadi , Garasi , CarPort dan Backyard,Harga Mulai 3,88M an,taman bermain anak depan unit Bliss dan terletak di cluster Golden Garnet,Unit Ready dan Siap Huni
,Terletak di Cluster Golden Garnet,More Info,Marketing Executive
"
26,23/03/21,https://www.rumah123.com/properti/makassar/hos8066938/,700,Makassar,170,170,4,3,3,3,0,0,1300,SHM,"rumah dan kos 3 kamar, area pettarani, belakang UNM","Rumah Dijual Makassar rumah + kos,rumah 2 lantai,kamar tidur 4 dan 3 kamar mandi,kos 3 kamar, semua kamar mandi dalam
,belakang kantor BPN, UNM GEDUNG PHINISI"
27,23/03/21,https://www.rumah123.com/properti/makassar/hos8066174/,3500,Makassar,216,250,5,4,0,0,0,1,3300,SHM,Rumah Mewah 2 Lantai Second Pusat Kota Makassar dekat Mall Panakkukang,"PERUMAHAN AZALEA PANAKUKANG

RUMAH SECOND CANTIK TENGAH KOTA MAKASSAR
LOKASIH STRATEGIS
2 MENIT KE MALL PANAKUKANG
2 MENIT HOTEL SWISS BELL
3 MENIT JALAN POROS PETTARANI

FULL PRABOT
LUAS 12 18
5 KAMAR TIDUR
4 KAMAR MANDI

HARGA 3,5M NEGO

INFO CEK LOKASI
085233470322
Muhammad Yandi"
28,22/03.2021,https://www.rumah123.com/properti/makassar/hos8063434/,3664,Makassar,252,267,4,3,1,1,0,1,2200,HGB,Rumah Mewah Citraland TALLASA City,Rumah Dijual Makassar
29,22/03.2021,rumah123.com/properti/makassar/hos8063251/,899.2,Makassar,90,55,3,2,0,0,1,0,2200,HGB,Citraland Tallasacity Rumah lantai harga 800 JT an ( Magnolia),Rumah Dijual Makassar
30,22/03.2021,https://www.rumah123.com/properti/makassar/hos8061143/,5500,Makassar,495,200,4,3,1,1,0,1,2200,SHM,Rumah klasik,"Lokasi pusat kota Makassar.
Lokasi dekat Mall Ratu Indah, Perkantoran, Perbankan, kawasan bisnis & kuliner.Rumah 2 lantai
4 + 1 Kamar Tidur
2 Kamar Tidur & 1 Kamar Tidur Art di Lantai 1
2 Kamar Tidur di Lantai 2.
Kamar Utama di Lantai 2,4 Kamar Mandi
2 Kamar Mandi di Lantai 1.
2 Kamar Mandi di Lantai 2. Kamar Utama ada Kamar Mandi dalam kamar."
31,20/03/2021,https://www.rumah123.com/properti/makassar/hos8058867/,535,Makassar,72,70,3,2,0,0,0,0,2200,SHM,Rumah Cluster Dua Lantai Nirwana Galaxy Inn Promo Diskon Besar,"Cluster Mewah Rumah 2 lantai belakang Kantor Polda,PROMO CASH !!!
Tipe 70 uk 6x12 @ 535 jt
3 KT - 2 KM , 2 lantai
Tipe 82 uk 7x12 @ 685 jt
3 KT - 2 KM , 2 lantai
Tipe 95 uk 6x12 @ 680 jt
4 KT - 3 KM , 2 lantai
Tipe 113 uk 7x12 @ 784 jt
4 KT - 3 KM , 2 lantai
"
32,20/03/2021,https://www.rumah123.com/properti/makassar/hos8058186/,858.2,Makassar,105,100,3,2,0,0,1,0,2200,SHM,Rumah 2 Lantai Dalam Cluster Bebas Banjir Posisi Poros Perintis Sudiang,"Tipe Primerose
Luas Bangunan 100 M2
Luas Tanah 105 M2 (7x15)
Kamar Tidur 3
Kamar Mandi 2
Carport dan Dapur,Lokasi Sangat Strategis:
150 Meter dari Indogrosir Sudiang
Dekat ke Bandara Sultan Hasanuddin
Dekat ke Jalan Tol Ir. Sutami KM8.
Dekat ke Asrama Haji
Dekat ke Polda Makassar
"
33,20/03/2021,https://www.rumah123.com/properti/makassar/hos8056778/,1200,Makassar,105,200,3,3,0,0,0,0,2200,SHM,"siap huni, tanjung bunga, mewah, 2.5 lantai, terawat","Rumah Dijual Makassar rumah siap huni,semifurnish, yang lengket di rumah,2.5 lantai,jual cepat"
34,19/03/2021,https://www.rumah123.com/properti/makassar/hos8056154/,1300,Makassar,90,130,4,3,0,0,1,0,2200,SHM,Rumah Dua Lantai Type 130 Lokasi Tengah Kota Makassar,"Dipasarkan Rumah dua Lantai di Jalan Faisal Lokasi tengah kota Makassar. berada ditengah kota Makassar Jl Pettarani Pusat Bisnis dan perkantoran dekat dengan Rumah Sakit, Kampus dll. Type 130 empat kamar tidur"
35,19/03/2021,https://www.rumah123.com/properti/makassar/hos8054749/,1880,Makassar,140,80,3,2,0,0,1,0,2200,HGB,Rumah 2 Lantai Siap Huni Hanya 1 Unit Di Kawasan Citraland Celebes Makassar,"Rumah Siap Huni Hanya 1 Unit Di Kawasan Citraland Celebes Hertasning Makassar

New type Calista
(7x20)
LT 140 . LB 80
KT 3 . KM 2
Terletak di cluster terdepan di Citraland Celebes .
Unit Ready , Siap Huni .

Harga 1,88M an

Miliki segera unitnya .

Dapatkan promo potongan Harga , selama bulan Maret .

Unit terbatas .
Citraland Celebes terletak di kawasan Elite , Bebas banjir, Lingkungan yang hijau , dengan berbagai fasilitas yang lengkap dan berada di kawasan berkembang Sulsel .

Pastikan hunian yang tepat untuk keluarga Tercinta
"
36,19/03/2021,https://www.rumah123.com/properti/makassar/hos8054712/,3992,Makassar,250,204,4,4,1,1,1,0,3500,HGB,"Rumah Mewah 2 Lantai Di Kawasan Citraland Celebes Hertasning Makassar
","Type Vianca,Rumah Exclusive Di Citraland Celebes Hertasing Baru Makassar,Launching tipe cluster terdepan dan terbaru Citraland Celebes Hertasning,Hunian yg sangat cocok untuk anda, lingkungan Aman nyaman, Kolam renang Pribadi,Luas Bangunan Standar 204M2,Luas Tanah (1025) 250M2,4+1 Kamar Tidur,4+1 Kamar Mandi,3 Ruang Tamu, Mulai 3.992M-an,DP ringan 15%,Cash lunak 24x,ree biaya Bphtb Ajb Bbn dan Ppn,Privat Garden Tiap Unit,Unit di Cluster Terdepan,Swimming Pool Optional
"
37,19/03/2021,https://www.rumah123.com/properti/makassar/hos8054169/,400,Makassar,91,60,2,2,0,0,0,0,2200,SHM,Rumah Minimais,rumah Dijual Makassar Rumah 1 lantai
38,19/03/2021,https://www.rumah123.com/properti/makassar/hos8053827/,1800,Makassar,135,160,4,4,0,0,1,0,1300,SHM,Rumah Minimalis,Rumah Dijual Makassar Rumah 2 lantai
39,19/03/2021,https://www.rumah123.com/properti/makassar/hos8052270/,5074,Makassar,144,184,5,4,0,0,1,0,3500,HGB,Rumah Mewah Citraland Losari,"Rumah Dijual Makassar Rumah 2 lantai type Sapphire posisi hoek,Kamar Tidur ada 2 di Lantai 1 ( kamar tamu & kamar Art ),Kamar Tidur ada 3 di lantai 2,Kamar mandi 2 ada di lantai 1,Kamar mandi ada 2 di lantai 2"
40,19/03/2021,https://www.rumah123.com/properti/makassar/hos8052261/,6356,Makassar,210,151,5,4,0,0,1,0,2200,HGB,Rumah Mewah Citraland Losari di Hoek,"Rumah Dijual Makassar Rumah 2 lantai type Sapphire posisi hoek,Kamar Tidur ada 2 di Lantai 1 ( kamar tamu & kamar Art ),Kamar Tidur ada 3 di lantai 2,Kamar mandi 2 ada di lantai 1,Kamar mandi ada 2 di lantai 2"
41,19/03/2021,https://www.rumah123.com/properti/makassar/hos8051935/,3500,Makassar,217,217,5,4,0,0,1,1,2200,SHM,Rumah Mewah Tengah Kota Makassar,RUMAH SECOND CANTIK TENGAH KOTA MAKASSAR LOKASI STRATEGIS
42,19/03/2021,https://www.rumah123.com/properti/makassar/hos8051815/,700,Makassar,55,55,2,2,0,0,0,1,2200,none,Rumah Cantik Model Klasik dan Harga Menarik,Coming Soon Cluster The Topaz Summarecon Mutiara Makassar
43,19/03/2021,https://www.rumah123.com/properti/makassar/hos8051249/ ,335,Makassar,86,45,2,1,0,0,0,0,900,SHM,Rumah cantik minimalis villa discovery barombong kota makassar,Tingkatkan Kualitas Hidup Anda Bersama Hunian Berkualitas Villa Discovery Barombong
44,18/03/2021,https://www.rumah123.com/properti/makassar/hos8049677/,3400,Makassar,102,125,3,3,1,1,1,0,2200,HGB,Rumah Mewah Citraland Losari,Rumah Dijual Makassar Rumah 2 lantai
45,18/03/2021,https://www.rumah123.com/properti/makassar/hos8049600/,450,Makassar,96,42,2,1,0,0,1,0,1300,none,Rumah Allysum Tanjung Bunga,Rumah Dijual Makassar
46,18/03/2021,https://www.rumah123.com/properti/makassar/hos8049428/,12598,Makassar,420,294,5,5,0,0,1,0,5500,HGB,Rumah Mewah Citraland Losari di Hoek,Rumah Dijual Makassar Rumah 2 lantai posisi hoek
47,18/03/2021,https://www.rumah123.com/properti/makassar/hos8049335/,9369,Makassar,301,235,5,5,0,0,1,0,5500,HGB,Rumah Mewah Citraland Losari di Hoek,Rumah Dijual Makassar Rumah 2 lantai
48,18/03/2021,https://www.rumah123.com/properti/makassar/hos8049262/,5074,Makassar,144,184,5,4,0,0,1,0,3500,HGB,Rumah Mewah Citraland Losari,Rumah Dijual Makassar Rumah 2 lantai
49,18/03/2021,https://www.rumah123.com/properti/makassar/hos8049186/,6356,Makassar,210,151,5,4,0,0,1,0,2200,HGB,Rumah Mewah Citraland Losari di Hoek,Rumah Dijual Makassar Rumah 2 lantai type Sapphire posisi hoek
50,18/03/2021,https://www.rumah123.com/properti/makassar/hos8047249/,4500,Makassar,144,200,5,4,0,0,0,0,5500,SHM,Rumah Elegant & full perabot,Rumah Dijual Makassar Rumah Cluster Rafflesia Tg Bunga
51,18/03/2021,https://www.rumah123.com/properti/makassar/hos8047242/,980,Makassar,104,180,4,3,0,0,1,0,1300,SHM,Rumah Siap Huni MINASA UPA . Dekat jl. Hertasning baru,Rumah Dijual Makassar dekat jalan Hertasning Baru
52,18/03/2021,https://www.rumah123.com/properti/makassar/hos8046998/,6500,Makassar,450,450,10,6,0,0,1,0,5500,SHM,Rumah Komp. Haji Kalla,Rumah Dijual Makassar Lokasi strategis dekat Kantor Gubernur
53,18/03/2021,https://www.rumah123.com/properti/makassar/hos8046976/,1900,Makassar,144,190,4,4,0,0,1,0,2200,SHM,Rumah Siap Huni Dekat Kampus Umi,Rumah Dijual Makassar Lokasi strategis dekat Kampus Umi
54,18/03/2021,https://www.rumah123.com/properti/makassar/hos8046600/,899,Makassar,90,55,3,2,0,0,1,0,2200,SHM,Rumah 2 Lantai Harga 900 Jutaan Di Kawasan Citraland Tallasa City Makassar,Rumah 2 Lantai Di Kawasan Citraland Tallasa City Makassar
55,18/03/2021,https://www.rumah123.com/properti/makassar/hos8046564/,3750,Makassar,91,221,4,4,1,1,1,1,3300,HGB,Rumah 3 Lantai Siap Huni Posisi Hook Poros Pettarani Makassar,Sisa 1 Unit Hunian 3 Lantai Siap Huni Pusat Kota Makassar Lok. Poros Pettarani
56,18/03/2021,https://www.rumah123.com/properti/makassar/hos8046559/,3640,Makassar,252,267,4,3,1,1,1,1,3500,SHM,Rumah Premium 2 Lantai Kawasab Berkembang Citraland Tallasa City Kota Makassar,"Dikembangkan developer nasional 1 Ciputra, di lahan kota mandiri baru seluas 750 hektar dan dikelilingi oleh *Mall Ciputra, Universitas Binus, Mitra 10, Sekolah Citra Kasih, Waterboom & Club House"
57,18/03/2021,https://www.rumah123.com/properti/makassar/hos8046546/,2906,Makassar,180,220,4,3,1,1,1,1,3300,SHM,Rumah Premium 2 Lantai Di Kawasan Citraland Tallasa City Makassar,Type AMETHYST
58,17/03/2021,https://www.rumah123.com/properti/makassar/hos8045108/,650,Makassar,119,80,2,2,0,0,1,0,1300,SHM,"Rumah di Makassar, jln hertasning Minasa Upa Luas 7 x 17 SIAP HUNI, Bebas banjir",Dipasarkan rmh type 70/119 (7 X 17)
59,17/03/2021,https://www.rumah123.com/properti/makassar/hos8044756/,1900,Makassar,214,68,3,2,0,0,0,0,1300,SHM,Rumah Sudut Rafflesia,Rumah Dijualsewa Makassar Rumah Sudut
60,17/03/2021,https://www.rumah123.com/properti/makassar/hos8044170/,3400,Makassar,102,125,3,3,1,1,1,0,2200,HGB,Rumah Mewah Citraland Losari,Rumah Dijual Makassar Rumah 2 lantai
61,16/03/2021,https://www.rumah123.com/properti/makassar/hos8039424/,990,Makassar,126,105,3,1,0,0,1,0,2200,SHM,Rumah 1 lantai Blossom,Rumah Dijual Makassar pintu dan jendela sudah tralis besi
62,16/03/2021,https://www.rumah123.com/properti/makassar/hos8039490/,2350,Makassar,174,225,5,5,0,0,1,0,1300,SHM,Rumah Cantik,Rumah Dijual Makassar Rumah sudut
63,16/03/2021,https://www.rumah123.com/properti/makassar/hos8039155/,1500,Makassar,125,217,2,2,0,0,0,1,900,SHM,Rumah Barombong,Rumah Dijual Makassar
64,16/03/2021,https://www.rumah123.com/properti/makassar/hos8039401/,950,Makassar,84,84,3,2,0,0,0,0,2200,SHM,Rumah Halmin,Rumah Dijual makassar
65,15/03/2021,https://www.rumah123.com/properti/makassar/hos8033389/,417,Makassar,78,45,2,1,0,0,1,0,1300,HGB,Rumah Baru Minimalis Ville Park,Rumah Dijual Makassar Rumah Baru
66,15/04/2021,https://www.rumah123.com/properti/makassar/hos8034848/,2400,Makassar,126,107,4,3,0,0,0,1,2200,SHM,Sudah Renovasi Rumah new Jasmine Tanjung bunga,Rumah dijual makassar
67,15/03/2021,https://www.rumah123.com/properti/makassar/hos8034546/,2350,Makassar,216,450,5,5,0,0,1,0,1300,SHM,Rumah Cantik,Rumah dijual Makassar Rumah Sudut
68,15/03/2021,https://www.rumah123.com/properti/makassar/hos8032597/,2547,Makassar,198,102,4,3,1,1,1,0,3300,SHM,Rumah 2 Lantai Siap Huni Citraland Celebes Hertasning Makassar,type majesty
69,15/03/2021,https://www.rumah123.com/properti/makassar/hos8037259/,1000,Makassar,128,49,2,2,0,0,0,0,2200,SHM,Rumah murah tengah kota,Araland Residence merupakan perumahan dalam kota yg sangat dekat dekat Pettarani dengan one gate system
70,15/03/2021,https://www.rumah123.com/properti/makassar/hos8034968/,3800,Makassar,609,600,3,1,0,0,0,0,5500,SHM,Gedung dijalan protokol makassar,Gedung pernah disewa bank di jalan Ratulangi Makassar.
71,15/03/2021,https://www.rumah123.com/properti/makassar/hos8034289/,1700,Makassar,194,120,3,3,0,0,0,0,1300,SHM,Rumah sudah Renovasi 1 lantai Tanjung bunga,Rumah Dijual Makassar Amaryllis Calesta
72,14/03/2021,https://www.rumah123.com/properti/makassar/hos8032484/,2023,Makassar,144,162,3,3,1,1,0,0,3300,SHM,Rumah premium 2 lantai kawasan summarecon Makassar claster Jade 1 unit,Rumah Premium Dengan Konsep Classic Timeless di Kawasan Kota Mandiri Summarecon Mutiara Makassar
73,14/03/2021,https://www.rumah123.com/properti/makassar/hos8032474/,2760,Makassar,128,145,3,4,1,1,1,0,3300,SHM,"Rumah mewah 2 lantai  tengah kota Makassar,jalan Monginsidi baru",Segera Dapatkan Hunian Mewah Eksklusif di Jantung Kota Makassar
74,14/03/2021,https://www.rumah123.com/properti/makassar/hos8032472/,858,Makassar,105,100,3,2,0,0,1,0,2200,SHM,Runah 2 Lantai Dekat Bandara dan Poros Perintis Sudiang Makassar,Tipe Primerose
75,14/03/2021,https://www.rumah123.com/properti/makassar/hos8031483/,441,Makassar,72,40,2,1,0,0,1,0,1300,SHM,Rumah minimalis dekat dari bandara Hasanuddin perintis sudiang kota makassar,Rumah siap Huni type 40/72  2 kmr tdur 1 kmr mndi
76,14/03/2021,https://www.rumah123.com/properti/makassar/hos8031399/,2100,Makassar,128,128,3,3,1,1,0,0,3300,SHM,Full renovasi harga miring,Lokasi perumahan elite Makassar dan Gowa jaminan berbagai fasilitas Citra Land City Tun Abdul Razak.
77,13/03/2021,https://www.rumah123.com/properti/makassar/hos8029393/,400,Makassar,84,45,2,1,0,0,1,0,1300,SHM,Rumah Minimalis Haska Borong Graha Tengah Kota Makassar,Dipasarkan Rumah Tengah Kota Makassar Haska Borong Graha Mulai Type 45/84
78,13/03/2021,https://www.rumah123.com/properti/makassar/hos8029351/,9172,Makassar,90,55,2,1,0,0,1,0,2200,SHM,Citraland Tallasa City,Rumah dijual Makassar
79,13/03/2021,https://www.rumah123.com/properti/makassar/hos8029309/,2500,Makassar,240,240,2,2,0,0,0,0,2200,SHM,Rumah Tua,Rumah Dijual Makassar Nego
80,12/03/2021,https://www.rumah123.com/properti/makassar/hos8027666/,587,Makassar,84,70,3,2,0,0,1,0,2200,SHM,"RUMAH 2 LANTAI MURAH di Makassar, dekat BULOG, Kantor Gubernur, MALL NIPAH, Kampus UMI",Rumah 2 lantai murah di makassar
81,12/03/2021,https://www.rumah123.com/properti/makassar/hos8017312/,650,Makassar,104,80,4,3,0,0,0,0,1300,SHM,Rumah Mewah 2 Lantai Harga Promo Lokasi Sudiang,"Rumah Mewah 2 Lantai Harga Promo Lokasi Sudiang
Rumah mewah 2 Lantai lokasi strategis di Sudiang dilengkapi fasilitas security 24 jam,mesjid,taman bermain anak,taman hijau dan jogging area
Segera hubungi nomor kami yang tertera diiklan ini"
82,12/03/2021,https://www.rumah123.com/properti/makassar/hos5603737/,8000,Makassar,400,500,6,5,1,1,2,2,4400,SHM,Rumah MEWAH 6 kamar lengkap dengan perabot di Citraland Makassar,"Rumah MEWAH 6 kamar lengkap dengan perabot di Citraland Makassar
Rumah Mewah 6 kamar ( 4 kamar dengan kamar mandi dalam)
Dapur basah dan dapur bersih, Garasi 2 Mobil, Carport 2 Mobil, saringan air bersih, 2 provider internet, CCTV, Lengkap perabot"
83,11/03/21,https://www.rumah123.com/properti/makassar/hos8021775/,680,Makassar,108,60,3,2,0,0,1,0,2200,SHM,Rumah murah minimalis siap huni di tengah kota Hertasning rapocini kota Makassar,"Rumah Baru Siap Huni Lokasi Hertasning Makassar

Hunian eksklusif modern di daerah strategis dalam kota makassar, desain mewah dengan perpaduan warna yang elegant. Type 60, luas tanah 6.18 dan hanya di bandrol dengan harga 680

Di wilayah hertasning sangat sulit mendapatkan hunian dengan luas tanah seperti ini, apalagi dalam kondisi baru. tersedia 1 unit lagi!!!

# 7 Menit dari Pettarani
#7 Menit dari kampus UNM
#Dekat dari perkantoran dan Pusat Kota
#Dekat dari pasar tradisonal
#Dekat dari sarana pendidikan, SD, SMP, SMA & Kampus

Kebijakan Developer :
-Tidak termakasud BPHTB, AJB, Balik Nama, PPH dan Notaris
-Tidak termaksud biaya AKAD KREDIT

Info lebih lanjut hub: Ardi Gold property 99. Telp/wa no profil"
84,11/03/21,https://www.rumah123.com/properti/makassar/hos8021203/,1650,Makassar,153,200,5,4,0,0,0,0,2200,SHM,Rumah Mewah 2 Lantai lokasi pusat kota Makassar jalan Pengayoman,"Hunian mewah lokasi strategis di pengayoman belakang Mall Panakkukang
2 lantai di lengkapi fasilitas security dan mesjid

Akses dekat kemana mana,dekat dari semua fasilitas umum."
85,10/03/21,https://www.rumah123.com/properti/makassar/hos8018873/,395,Makassar,78,45,2,1,0,0,0,0,900,SHM,rumah cantik minimalis dekat dari kampus Unhas kota Makassar,"Rumah Baru Tengah Kota Makassar

Terletak dilokasi yang paling banyak di incar dalam kota makasaar,
lokasi dekat dengan kampus Unhas.uim.dan STIMIK.

#harga 395jt (CASH). sangat kompetitif tanpa mengurangi kuwalitas bangunan!!!

Tersedia TYPE
Type 45/ 78 1 lantai

tidak perlu ragu, hunian ini dekmbangkan oleh developer terpercaya dan telah banyak membangun perumhan dalam kota. buruan kunjungi lokasi kami sebelum kehabisan. unit terbatas!!!

Info lengkap hub: ARDi Gold99 property. Bisa TLP/wa no profil"
86,10/03/21,https://www.rumah123.com/properti/makassar/hos8018867/,2000,Makassar,91,60,3,2,0,0,1,0,1300,SHM,Rumah siap Huni dkt Jl. Perintis kemerdekaan,Rumah Dijual Makassar
87,10/03/21,https://www.rumah123.com/properti/makassar/hos8018684/,1000,Makassar,60,60,3,2,0,0,1,0,1300,SHM,"2 lantai, pusat kota, kawasan elit, modern","Rumah Dijual Makassar Rumah mewah dalam komplek Golden Park, ready stok"
88,10/03/21,https://www.rumah123.com/properti/makassar/hos8018536/,2000,Makassar,90,150,3,2,0,0,0,1,2200,SHM,"pusat kota, rumah dan lokasi usaha, 3 lantai, siap huni","Rumah 3 lantai Dijual Makassar, Fasilitas: 3 air conditioner, 1 kulkas, Garasi, pam, telpon, wifi indihome 20mbps, water heater, pln 2300watt
Dijual beserta perabot dan alat2 percetakan. Sehingga hanya perlu bawa pakaian dan langsung bisa buka usaha.

2 unit komputer, mesin cetak riso, mesin potong.

harga nego"
89,10/03/21,https://www.rumah123.com/properti/makassar/hos8018492/,4500,Makassar,300,576,4,3,0,0,1,1,2200,SHM,Rumah Mewah Citraland Celebes,Rumah Dijual Makassar Free Pajak ditanggung penjual
90,09/03/21,https://www.rumah123.com/properti/makassar/hos8017166/,650,Makassar,90,56,2,1,0,0,1,0,1300,SHM,Rumah murah minimalis siap huni di tengah kota Makassar,"Rumah Siap Huni Dalam Kota & Bebas Banjir

Miliki segera Hunian Cluster Modern lokasi Strategis dekat dari hertasning. saat ini dalam pengembangan tahap 3. Progres 90%. dikembangkan oleh Developer terpercaya dikota makassar/Gowa. Unit terbatas !!!

- 5 menit dari kampus UNM/Unismuh
- 5 menit dari alauddin
- 7 menit dari pettarani
- Dekat dari sarana pendidikan
- Dekat dari pasar tradisional dan Swalayan
- Aman & Nyaman
-One Gate System
-Row jalan 7/8 Meter

Tersedia 4 type

Info lengkap hub: Ardi Gold property99 (TLP/wa no profil)"
91,09/03/21,https://www.rumah123.com/properti/makassar/hos8013413/,2500,Makassar,240,240,2,2,0,0,0,0,2200,SHM,Rumah Tua sampaing Warkop Haihong,Rumah Dijual Makassar Nego
92,09/03/2021,https://www.rumah123.com/properti/makassar/hos4584021/,4500,Makassar,200,250,4,3,1,1,0,0,2200,SHM,Rumah Jalan Gunung Bromo Tanjung Bunga Makassar,"Rumah Jalan Gunung Bromo Tanjung Bunga Makassar
Rumah Dijual Jalan Gunung Bromo Tanjung Bunga Makassar

LT = 10 x 20
LB = 250 m
KT = 4+1
KM = 3+1
Listrik = 2200 Watt
PAM

Lokasi :
Dekat Sekolah Dian Harapan
Kediaman yang aman dan asri

*Harga Sewaktu waktu dapat berubah tanpa pemberitahuan sebelumnya*

"
93,09/03/2021,https://www.rumah123.com/properti/makassar/hos4630100/,2000,Makassar,176,210,3,2,1,1,0,0,5500,SHM,Rumah Jalan Pengayoman Panakukkang Makassar,"Rumah Jalan Pengayoman Panakukkang Makassar
Listing ini merupakan Verified Listing Rumah123
Tim Rumah123 sudah melakukan pengecekan dokumen, lokasi asli, dan harga sesuai
Silahkan laporkan dan dapatkan kompensasi apabila listingan bukti tidak sesuai
Pasti Aman, Harga Sesuai, Respon cepat!

Rumah dijual di Komp. Mawar Blok E Panakukkang Makassar
LT : 176 m2 (11x15)
LB : 2 lantai hampir full
KT = 3+1
KM = 2+1
Listrik 5500 W.
AC = 3 unit
SHM.
PAM
Lokasi sangat dekat dengan Mall Panakukkang
"
94,08/03/21,https://www.rumah123.com/properti/makassar/hos8010133/,4500,Makassar,144,200,4,4,1,0,1,0,5500,SHM,R A Full Furnish,"Rumah Dijual Makassar Full Furnish, 6 unit AC, Instalasi CCTV"
95,08/03/21,https://www.rumah123.com/properti/makassar/hos8010095/,2500,Makassar,144,288,2,2,1,1,0,0,1300,SHM,Rumah siap huni Rafflesia,"Rumah Dijual Makassar Siap Huni, Terawat
"
96,08/03/2021,https://www.rumah123.com/properti/makassar/hos8010017/,1000,Makassar,126,112,3,2,0,0,0,0,2200,SHM,Rumah Amaryllis,"Rumah Dijual Makassar Dengan Perabot
Dekat Trans Studio Mall
Dekat RS SILOAM"
97,08/03/2021,https://www.rumah123.com/properti/makassar/hos8009003/,535,Makassar,72,70,3,2,0,0,0,0,0,SHM,Rumah Minimalis 3 kamar belakang Polda perintis kota Makassar,"Rumah Minimalis 3 kamar belakang Polda perintis kota Makassar
Dipasarkan rumah 2 lantai harga murah kualitas premium,

Lokasi strategis
-dekat bandara hasanuddin
-mall daya
-unhas
-akses tol
Type 70/72,
2 lantai
3 kamar dan 2 kamar mandi

Segera kunjungi lokasi kami sebelum kehabisan

Unit terbatas hub
Bisa TLP/wa No profil

"
98,08/03/2021,https://www.rumah123.com/properti/makassar/hos8009566/,850,Makassar,95,80,3,2,0,0,1,0,2200,SHM,Rumah mewah minimalis TYPE 80 dekat dari Mall Panakukkang kota Makassar,"Rumah minimalis Harga Murah Citra Hertasning Makassar Di Lokasi yang Mudah Dijangkau

#Hanya 3 unit dengan TYPE
-TYpe 80/( 6,5x14,5)
-Hrga 850
-Inden 12 bulan
-3 kmr tdur 2 kmr mndi
-Rumah 2 lantai

#kelebihan yang ditawarkan :
-Desain elegant & modern
-Spesifikasi bangunan kelas 1
-Struktur bangunan mengusung konsep rumah tumbuh (3 lantai )
-Lokasi hanya 100 mter dari poros heetasning
-Lingkungan aman & nyaman
-Dekat dari pusat kuliner, Mall, Swalayan, dan juga dekat Sarana Pendidikan

Info lengkap hub: ARDi Gold99 property (Bisa TLP/wa no profil)"
99,08/03/2021,https://www.rumah123.com/properti/makassar/hos8009429/,900,Makassar,120,80,2,2,0,0,1,0,2200,SHM,Rumah Asri Clove,Rumah Dijualsewa Makassar Siap Huni
100,05/03/2021,https://www.rumah123.com/properti/makassar/hos3913159/,455,Makassar,72,45,2,1,0,0,0,1,1300,SHM,Hunian exclusive ditengah kota Makassar,"Hunian exclusive ditengah kota Makassar
Cluster cantik rumah minimalis modern lokasi sangat strategis di tamangapa antang yang merupakan tembusan hertasning baru.

Cluster yang dilengkapi CCTV, security 24 jam, one gate system
Dekat dari sekolah SD sampai SMU, kampus,rumah sakit, pusat perbelanjaan, dan hanya 15 menit dari mall panakkukang.

Free : Pagar,kanopy, tandon air, mesin air Free : biaya balik nama dan pajak
Free : biaya kpr
Cukup siapkan Dp saja
Rumah sudah lengkap dapur.

"